id,index,period,timestamp,minute,second,type/id,type/name,possession,possession_team/id,possession_team/name,play_pattern/id,play_pattern/name,team/id,team/name,player/id,player/name,position/id,position/name,location/0,location/1,duration,related_events/0,pass/recipient/id,pass/recipient/name,pass/length,pass/angle,pass/height/id,pass/height/name,pass/end_location/0,pass/end_location/1,pass/body_part/id,pass/body_part/name,pass/type/id,pass/type/name,related_events/1,carry/end_location/0,carry/end_location/1,pass/outcome/id,pass/outcome/name,under_pressure,duel/type/id,duel/type/name,related_events/2,related_events/3,pass/aerial_won,ball_receipt/outcome/id,ball_receipt/outcome/name,counterpress,out,pass/switch,goalkeeper/type/id,goalkeeper/type/name,goalkeeper/outcome/id,goalkeeper/outcome/name,off_camera,foul_won/defensive,dribble/outcome/id,dribble/outcome/name,pass/cross,clearance/body_part/id,clearance/body_part/name,clearance/right_foot,duel/outcome/id,duel/outcome/name,ball_recovery/recovery_failure,clearance/head,pass/assisted_shot_id,pass/goal_assist,shot/statsbomb_xg,shot/end_location/0,shot/end_location/1,shot/end_location/2,shot/key_pass_id,shot/body_part/id,shot/body_part/name,shot/technique/id,shot/technique/name,shot/deflected,shot/type/id,shot/type/name,shot/outcome/id,shot/outcome/name,shot/freeze_frame/0/location/0,shot/freeze_frame/0/location/1,shot/freeze_frame/0/player/id,shot/freeze_frame/0/player/name,shot/freeze_frame/0/position/id,shot/freeze_frame/0/position/name,shot/freeze_frame/0/teammate,shot/freeze_frame/1/location/0,shot/freeze_frame/1/location/1,shot/freeze_frame/1/player/id,shot/freeze_frame/1/player/name,shot/freeze_frame/1/position/id,shot/freeze_frame/1/position/name,shot/freeze_frame/1/teammate,shot/freeze_frame/2/location/0,shot/freeze_frame/2/location/1,shot/freeze_frame/2/player/id,shot/freeze_frame/2/player/name,shot/freeze_frame/2/position/id,shot/freeze_frame/2/position/name,shot/freeze_frame/2/teammate,shot/freeze_frame/3/location/0,shot/freeze_frame/3/location/1,shot/freeze_frame/3/player/id,shot/freeze_frame/3/player/name,shot/freeze_frame/3/position/id,shot/freeze_frame/3/position/name,shot/freeze_frame/3/teammate,shot/freeze_frame/4/location/0,shot/freeze_frame/4/location/1,shot/freeze_frame/4/player/id,shot/freeze_frame/4/player/name,shot/freeze_frame/4/position/id,shot/freeze_frame/4/position/name,shot/freeze_frame/4/teammate,shot/freeze_frame/5/location/0,shot/freeze_frame/5/location/1,shot/freeze_frame/5/player/id,shot/freeze_frame/5/player/name,shot/freeze_frame/5/position/id,shot/freeze_frame/5/position/name,shot/freeze_frame/5/teammate,shot/freeze_frame/6/location/0,shot/freeze_frame/6/location/1,shot/freeze_frame/6/player/id,shot/freeze_frame/6/player/name,shot/freeze_frame/6/position/id,shot/freeze_frame/6/position/name,shot/freeze_frame/6/teammate,block/deflection,goalkeeper/technique/id,goalkeeper/technique/name,goalkeeper/position/id,goalkeeper/position/name,goalkeeper/body_part/id,goalkeeper/body_part/name,interception/outcome/id,interception/outcome/name,pass/technique/id,pass/technique/name,pass/inswinging,pass/shot_assist,shot/freeze_frame/7/location/0,shot/freeze_frame/7/location/1,shot/freeze_frame/7/player/id,shot/freeze_frame/7/player/name,shot/freeze_frame/7/position/id,shot/freeze_frame/7/position/name,shot/freeze_frame/7/teammate,shot/freeze_frame/8/location/0,shot/freeze_frame/8/location/1,shot/freeze_frame/8/player/id,shot/freeze_frame/8/player/name,shot/freeze_frame/8/position/id,shot/freeze_frame/8/position/name,shot/freeze_frame/8/teammate,shot/freeze_frame/9/location/0,shot/freeze_frame/9/location/1,shot/freeze_frame/9/player/id,shot/freeze_frame/9/player/name,shot/freeze_frame/9/position/id,shot/freeze_frame/9/position/name,shot/freeze_frame/9/teammate,goalkeeper/end_location/0,goalkeeper/end_location/1,pass/outswinging,foul_committed/advantage,foul_won/advantage,pass/deflected,shot/one_on_one,shot/first_time,block/save_block,shot/freeze_frame/10/location/0,shot/freeze_frame/10/location/1,shot/freeze_frame/10/player/id,shot/freeze_frame/10/player/name,shot/freeze_frame/10/position/id,shot/freeze_frame/10/position/name,shot/freeze_frame/10/teammate,shot/freeze_frame/11/location/0,shot/freeze_frame/11/location/1,shot/freeze_frame/11/player/id,shot/freeze_frame/11/player/name,shot/freeze_frame/11/position/id,shot/freeze_frame/11/position/name,shot/freeze_frame/11/teammate,clearance/aerial_won,shot/freeze_frame/12/location/0,shot/freeze_frame/12/location/1,shot/freeze_frame/12/player/id,shot/freeze_frame/12/player/name,shot/freeze_frame/12/position/id,shot/freeze_frame/12/position/name,shot/freeze_frame/12/teammate,shot/freeze_frame/13/location/0,shot/freeze_frame/13/location/1,shot/freeze_frame/13/player/id,shot/freeze_frame/13/player/name,shot/freeze_frame/13/position/id,shot/freeze_frame/13/position/name,shot/freeze_frame/13/teammate,shot/freeze_frame/14/location/0,shot/freeze_frame/14/location/1,shot/freeze_frame/14/player/id,shot/freeze_frame/14/player/name,shot/freeze_frame/14/position/id,shot/freeze_frame/14/position/name,shot/freeze_frame/14/teammate,clearance/left_foot,substitution/outcome/id,substitution/outcome/name,substitution/replacement/id,substitution/replacement/name,tactics/formation,tactics/lineup/0/player/id,tactics/lineup/0/player/name,tactics/lineup/0/position/id,tactics/lineup/0/position/name,tactics/lineup/0/jersey_number,tactics/lineup/1/player/id,tactics/lineup/1/player/name,tactics/lineup/1/position/id,tactics/lineup/1/position/name,tactics/lineup/1/jersey_number,tactics/lineup/2/player/id,tactics/lineup/2/player/name,tactics/lineup/2/position/id,tactics/lineup/2/position/name,tactics/lineup/2/jersey_number,tactics/lineup/3/player/id,tactics/lineup/3/player/name,tactics/lineup/3/position/id,tactics/lineup/3/position/name,tactics/lineup/3/jersey_number,tactics/lineup/4/player/id,tactics/lineup/4/player/name,tactics/lineup/4/position/id,tactics/lineup/4/position/name,tactics/lineup/4/jersey_number,tactics/lineup/5/player/id,tactics/lineup/5/player/name,tactics/lineup/5/position/id,tactics/lineup/5/position/name,tactics/lineup/5/jersey_number,tactics/lineup/6/player/id,tactics/lineup/6/player/name,tactics/lineup/6/position/id,tactics/lineup/6/position/name,tactics/lineup/6/jersey_number,tactics/lineup/7/player/id,tactics/lineup/7/player/name,tactics/lineup/7/position/id,tactics/lineup/7/position/name,tactics/lineup/7/jersey_number,tactics/lineup/8/player/id,tactics/lineup/8/player/name,tactics/lineup/8/position/id,tactics/lineup/8/position/name,tactics/lineup/8/jersey_number,tactics/lineup/9/player/id,tactics/lineup/9/player/name,tactics/lineup/9/position/id,tactics/lineup/9/position/name,tactics/lineup/9/jersey_number,tactics/lineup/10/player/id,tactics/lineup/10/player/name,tactics/lineup/10/position/id,tactics/lineup/10/position/name,tactics/lineup/10/jersey_number,miscontrol/aerial_won,shot/freeze_frame/15/location/0,shot/freeze_frame/15/location/1,shot/freeze_frame/15/player/id,shot/freeze_frame/15/player/name,shot/freeze_frame/15/position/id,shot/freeze_frame/15/position/name,shot/freeze_frame/15/teammate,shot/freeze_frame/16/location/0,shot/freeze_frame/16/location/1,shot/freeze_frame/16/player/id,shot/freeze_frame/16/player/name,shot/freeze_frame/16/position/id,shot/freeze_frame/16/position/name,shot/freeze_frame/16/teammate,dribble/overrun,related_events/4,shot/aerial_won,pass/no_touch,foul_committed/card/id,foul_committed/card/name,pass/through_ball,related_events/5,related_events/6,block/offensive
af9e2f1b-7e19-43fa-a30f-708cd1831d8b,178,1,03:38.7,3,38,16,Shot,12,23,Watford,4,From Throw In,23,Watford,5458,Odion Jude Ighalo,23,Center Forward,115.7,43.1,0.013816,42eef10c-b3d1-4f62-afce-376e84fd0782,,,,,,,,,,,,,bc4e01ee-ddcf-41c0-94ba-92ce9ba4a2a1,,,,,,,,,,,,,,,,,,,,,,,,,,,,,,,,,,0.21448,120,43.2,0.5,3b12905c-6003-4560-8c89-9aef38d8bc1a,40,Right Foot,93,Normal,TRUE,87,Open Play,97,Goal,116.1,42.3,6300,Sebastián Coates Nión,3,Right Center Back,FALSE,107,45,6870,José Manuel Jurado Marín,21,Left Wing,TRUE,120,57.4,3991,Allan Romeo Nyom,2,Right Back,TRUE,109.8,41.9,3658,DeAndre Yedlin,7,Right Wing Back,FALSE,116.5,47.5,16890,John O''Shea,4,Center Back,FALSE,119.6,53.5,22281,Duncan Watmore,15,Left Center Midfield,FALSE,119,42.7,6871,Costel Fane Pantilimon,1,Goalkeeper,FALSE,,,,,,,,,,,,,,,,,,,,,,,,,,,,,,,,,,,,,,,,,,,,,,,,,,,,,,,,,,,,,,,,,,,,,,,,,,,,,,,,,,,,,,,,,,,,,,,,,,,,,,,,,,,,,,,,,,,,,,,,,,,,,,,,,,,,,,,,,,,,,,,,,,,,,,,,,,,,,,,,,,,,,
ab88308d-2b2f-493a-b23d-e3d2c54ef855,328,1,08:04.4,8,4,16,Shot,20,23,Watford,1,Regular Play,23,Watford,43081,Almen Abdi,17,Right Wing,116.1,49.6,0.104182,5dcfebbe-5048-4670-8016-6f657a3c62a8,,,,,,,,,,,,,ce4e3255-d986-44ff-ad63-21248b3fd1da,,,,,,,,,,,,,,,,,,,,,,,,,,,,,,,,,,0.07387999,117.6,47.3,,c46758ba-3cc3-4eed-af32-91889874a2e7,40,Right Foot,93,Normal,,87,Open Play,96,Blocked,115.3,42.3,5458,Odion Jude Ighalo,23,Center Forward,TRUE,105.4,30.8,6870,José Manuel Jurado Marín,21,Left Wing,TRUE,110.7,38.5,3454,Troy Deeney,19,Center Attacking Midfield,TRUE,118.5,45.3,6871,Costel Fane Pantilimon,1,Goalkeeper,FALSE,102.1,33.4,4417,Ola Toivonen,9,Right Defensive Midfield,FALSE,102.1,25.2,7171,Fabio Borini,13,Right Center Midfield,FALSE,111.8,33.9,6300,Sebastián Coates Nión,3,Right Center Back,FALSE,,,,,,,,,,,,,,115.1,43.1,16890,John O''Shea,4,Center Back,FALSE,117.2,47,10503,Billy Jones,5,Left Center Back,FALSE,115.8,48.8,3321,Patrick van Aanholt,8,Left Wing Back,FALSE,,,,,,,,,,,,,,,,,,,,,,,,,,,,,,,,,,,,,,,,,,,,,,,,,,,,,,,,,,,,,,,,,,,,,,,,,,,,,,,,,,,,,,,,,,,,,,,,,,,,,,,,,,,,,,,,,,,,,,,,,,,,,,,,,,,
afa6ee49-6e55-4717-b725-b586c6f9ee73,443,1,10:39.5,10,39,16,Shot,23,23,Watford,1,Regular Play,23,Watford,5458,Odion Jude Ighalo,23,Center Forward,117.1,50.8,0.2073,d6e0dc57-d1f5-428c-b805-d7ee40379df1,,,,,,,,,,,,,e8d663c8-0764-4fc6-b1fb-e9c9eb5c3bff,,,,,TRUE,,,,,,,,,,,,,,,,,,,,,,,,,,,,,0.029191228,118,48.1,0.2,5ea4894c-dabe-4421-8fbe-95055af2c99c,40,Right Foot,93,Normal,,87,Open Play,100,Saved,110.1,48.1,43081,Almen Abdi,17,Right Wing,TRUE,112.3,44.8,3454,Troy Deeney,19,Center Attacking Midfield,TRUE,118.1,47.5,6871,Costel Fane Pantilimon,1,Goalkeeper,FALSE,111.5,37.3,3658,DeAndre Yedlin,7,Right Wing Back,FALSE,112.5,43.9,6300,Sebastián Coates Nión,3,Right Center Back,FALSE,113.8,49,10503,Billy Jones,5,Left Center Back,FALSE,116,51.5,16890,John O''Shea,4,Center Back,FALSE,,,,,,,,,,,,,,104,42.1,4429,Yann Gérard M''Vila,11,Left Defensive Midfield,FALSE,111.3,56.5,3321,Patrick van Aanholt,8,Left Wing Back,FALSE,,,,,,,,,,,,,,TRUE,,,,,,,,,,,,,,,,,,,,,,,,,,,,,,,,,,,,,,,,,,,,,,,,,,,,,,,,,,,,,,,,,,,,,,,,,,,,,,,,,,,,,,,,,,,,,,,,,,,,,,,,,,,,,,,,,,,,,,,,,,,,
8694587c-99c5-46da-9b9f-6eaa29c860f6,446,1,10:40.6,10,40,16,Shot,23,23,Watford,1,Regular Play,23,Watford,5458,Odion Jude Ighalo,23,Center Forward,119.5,47.4,0.404111,7360a95b-9d89-4fb3-b9c3-dbc905658e21,,,,,,,,,,,,,a6375837-007c-4773-b27e-16d54357f0b0,,,,,,,,,,,,,,,,,,,,,,,,,,,,,,,,,,0.02487211,120,42.2,,,38,Left Foot,93,Normal,,87,Open Play,96,Blocked,120,53.4,16890,John O''Shea,4,Center Back,FALSE,112.2,53.4,3321,Patrick van Aanholt,8,Left Wing Back,FALSE,108,42.2,4429,Yann Gérard M''Vila,11,Left Defensive Midfield,FALSE,115,45.8,10503,Billy Jones,5,Left Center Back,FALSE,118.2,41.5,6300,Sebastián Coates Nión,3,Right Center Back,FALSE,119.5,38.6,3658,DeAndre Yedlin,7,Right Wing Back,FALSE,117.2,47.5,6871,Costel Fane Pantilimon,1,Goalkeeper,FALSE,,,,,,,,,,,,,,118.5,40,3454,Troy Deeney,19,Center Attacking Midfield,TRUE,111.2,45.8,43081,Almen Abdi,17,Right Wing,TRUE,,,,,,,,,,,,,,,TRUE,,,,,,,,,,,,,,,,,,,,,,,,,,,,,,,,,,,,,,,,,,,,,,,,,,,,,,,,,,,,,,,,,,,,,,,,,,,,,,,,,,,,,,,,,,,,,,,,,,,,,,,,,,,,,,,,,,,,,,,,,,,
5ace0525-4622-4a35-8791-f9619c2e940c,455,1,10:44.2,10,44,16,Shot,23,23,Watford,1,Regular Play,23,Watford,43081,Almen Abdi,17,Right Wing,112.6,36.8,0.163187,a9f72edf-f59d-4c77-ab0a-aec6cd70cafa,,,,,,,,,,,,,,,,,,,,,,,,,,,,,,,,,,,,,,,,,,,,,,,0.16800435,114.4,37,0.2,b4491c11-4779-4edd-a15d-2ecd4b1ff890,38,Left Foot,91,Half Volley,,87,Open Play,100,Saved,108.5,35.1,6870,José Manuel Jurado Marín,21,Left Wing,TRUE,120,48.7,5458,Odion Jude Ighalo,23,Center Forward,TRUE,116.6,31.2,3454,Troy Deeney,19,Center Attacking Midfield,TRUE,112,29.7,4429,Yann Gérard M''Vila,11,Left Defensive Midfield,FALSE,116.4,35,10503,Billy Jones,5,Left Center Back,FALSE,115.2,39.9,16890,John O''Shea,4,Center Back,FALSE,116.6,37.4,6300,Sebastián Coates Nión,3,Right Center Back,FALSE,,,,,,,,,,,,,,117.6,35.6,3658,DeAndre Yedlin,7,Right Wing Back,FALSE,112.8,47.6,3321,Patrick van Aanholt,8,Left Wing Back,FALSE,109.6,45.1,4417,Ola Toivonen,9,Right Defensive Midfield,FALSE,,,,,,,,TRUE,,114.9,37.4,6871,Costel Fane Pantilimon,1,Goalkeeper,FALSE,,,,,,,,,,,,,,,,,,,,,,,,,,,,,,,,,,,,,,,,,,,,,,,,,,,,,,,,,,,,,,,,,,,,,,,,,,,,,,,,,,,,,,,,,,,,,,,,,,,,,,,,,,,,,,,,,,,
f6c6ffe6-94f8-42ad-9914-f97c84cd7d2c,459,1,10:45.9,10,45,16,Shot,23,23,Watford,1,Regular Play,23,Watford,6870,José Manuel Jurado Marín,21,Left Wing,108.6,36.5,0.453686,592998d6-d21a-43e3-a33e-8d57f53eec16,,,,,,,,,,,,,e964a72a-e628-48ab-ad0c-d0237784187d,,,,,TRUE,,,,,,,,,TRUE,,,,,,,,,,,,,,,,,,,,0.13656469,120,36.1,1.6,,40,Right Foot,93,Normal,,87,Open Play,99,Post,113.5,37,6871,Costel Fane Pantilimon,1,Goalkeeper,FALSE,113.1,44.4,3321,Patrick van Aanholt,8,Left Wing Back,FALSE,109.2,37.4,4417,Ola Toivonen,9,Right Defensive Midfield,FALSE,113.2,39.8,16890,John O''Shea,4,Center Back,FALSE,114.6,37.6,10503,Billy Jones,5,Left Center Back,FALSE,116.1,38.6,6300,Sebastián Coates Nión,3,Right Center Back,FALSE,118,37.9,3658,DeAndre Yedlin,7,Right Wing Back,FALSE,,,,,,,,,,,,,,109.8,27.1,4429,Yann Gérard M''Vila,11,Left Defensive Midfield,FALSE,118.2,47,5458,Odion Jude Ighalo,23,Center Forward,TRUE,111.2,24.7,3454,Troy Deeney,19,Center Attacking Midfield,TRUE,,,,,,,,TRUE,,112.1,38,43081,Almen Abdi,17,Right Wing,TRUE,97.4,32.1,3721,Etienne Capoue,9,Right Defensive Midfield,TRUE,,,,,,,,,,,,,,,,,,,,,,,,,,,,,,,,,,,,,,,,,,,,,,,,,,,,,,,,,,,,,,,,,,,,,,,,,,,,,,,,,,,,,,,,,,,,,,,,,,,,,,,,,,,,
8b7d2249-5e15-45bd-bcf3-485ee3198016,565,1,14:03.8,14,3,16,Shot,30,41,Sunderland,3,From Free Kick,41,Sunderland,10503,Billy Jones,5,Left Center Back,87.8,31.1,1.148337,adcd50bc-ce0e-4883-9b44-a515c2bd21f6,,,,,,,,,,,,,,,,,,,,,,,,,,,,,,,,,,,,,,,,,,,,,,,0.01919701,120,41.1,6,d3525847-78ff-404f-ba21-e1f558a03a84,40,Right Foot,93,Normal,,87,Open Play,98,Off T,118.5,39.6,3522,Heurelho da Silva Gomes,1,Goalkeeper,FALSE,102.2,47.7,16890,John O''Shea,4,Center Back,TRUE,102.4,43.6,3306,Nathan Aké,6,Left Back,FALSE,98.4,23.5,22281,Duncan Watmore,15,Left Center Midfield,TRUE,103.4,36.8,3288,Miguel Ángel Britos Cabrera,5,Left Center Back,FALSE,98.3,45.8,6870,José Manuel Jurado Marín,21,Left Wing,FALSE,102.4,30.8,3263,Craig Cathcart,3,Right Center Back,FALSE,,,,,,,,,,,,,,100.3,25.6,3991,Allan Romeo Nyom,2,Right Back,FALSE,91.2,34.4,3626,Ben Watson,11,Left Defensive Midfield,FALSE,95,17.9,43081,Almen Abdi,17,Right Wing,FALSE,,,,,,,,,,88.2,23.1,5458,Odion Jude Ighalo,23,Center Forward,FALSE,83.4,41.3,3454,Troy Deeney,19,Center Attacking Midfield,FALSE,,99.3,42.2,4417,Ola Toivonen,9,Right Defensive Midfield,TRUE,104,32.6,7171,Fabio Borini,13,Right Center Midfield,TRUE,98.3,15.9,3321,Patrick van Aanholt,8,Left Wing Back,TRUE,,,,,,,,,,,,,,,,,,,,,,,,,,,,,,,,,,,,,,,,,,,,,,,,,,,,,,,,,,,,,,,,,,,,,,,,,,,,,,,,,,,,,,
0ad59dff-e576-406f-93f6-805f26561315,688,1,16:29.1,16,29,16,Shot,34,41,Sunderland,1,Regular Play,41,Sunderland,7171,Fabio Borini,13,Right Center Midfield,112.6,52.8,0.600915,5e28c6ad-2354-4ea5-8f86-c7a3b7e7e2bc,,,,,,,,,,,,,f540565a-f861-4f6b-8376-0940c4d38f24,,,,,TRUE,,,,,,,,,,,,,,,,,,,,,,,,,,,,,0.12161977,120,32.6,0.5,b1db803e-4736-4d5e-9dd5-9334a8dc236d,40,Right Foot,93,Normal,,87,Open Play,98,Off T,99.1,56,3306,Nathan Aké,6,Left Back,FALSE,111.2,52.9,3288,Miguel Ángel Britos Cabrera,5,Left Center Back,FALSE,108.6,31.8,22281,Duncan Watmore,15,Left Center Midfield,TRUE,109.2,41.7,9554,Steven Fletcher,23,Center Forward,TRUE,116.8,46.4,3522,Heurelho da Silva Gomes,1,Goalkeeper,FALSE,107.9,38.9,3626,Ben Watson,11,Left Defensive Midfield,FALSE,112.1,42.5,3263,Craig Cathcart,3,Right Center Back,FALSE,,,,,,,,,,,,,,,,,,,,,,,,,,,,,,,,,,,,,,,,,TRUE,,,,,,,,,,,,,,,,,,,,,,,,,,,,,,,,,,,,,,,,,,,,,,,,,,,,,,,,,,,,,,,,,,,,,,,,,,,,,,,,,,,,,,,,,,,,,,,,,,,,,,,,,,,,,,,,,,,,,,,,,,,,
cc42f10a-b449-4fda-b37d-9052008f8919,927,1,25:26.9,25,26,16,Shot,51,23,Watford,1,Regular Play,23,Watford,3721,Etienne Capoue,9,Right Defensive Midfield,99.6,36.5,0.624036,1c59f871-4416-42e5-871d-8bb2f806e9f2,,,,,,,,,,,,,,,,,,,,,,,,,,,,,,,,,,,,,,,,,,,,,,,0.10645566,118.6,42.8,0.6,9a77dad8-167f-4a19-87bc-a8549399e16b,40,Right Foot,93,Normal,,87,Open Play,100,Saved,101.8,51.6,3454,Troy Deeney,19,Center Attacking Midfield,TRUE,95.5,39.9,5458,Odion Jude Ighalo,23,Center Forward,TRUE,87.1,25,6870,José Manuel Jurado Marín,21,Left Wing,TRUE,103.2,40.3,16890,John O''Shea,4,Center Back,FALSE,93.1,30,4429,Yann Gérard M''Vila,11,Left Defensive Midfield,FALSE,91.3,38,9554,Steven Fletcher,23,Center Forward,FALSE,91.9,33.4,10503,Billy Jones,7,Right Wing Back,FALSE,,,,,,,,,,,,,,95.2,56.3,3321,Patrick van Aanholt,5,Left Center Back,FALSE,97.8,47.8,6300,Sebastián Coates Nión,3,Right Center Back,FALSE,118.3,39.8,6871,Costel Fane Pantilimon,1,Goalkeeper,FALSE,,,,,,,,TRUE,,,,,,,,,,,,,,,,,,,,,,,,,,,,,,,,,,,,,,,,,,,,,,,,,,,,,,,,,,,,,,,,,,,,,,,,,,,,,,,,,,,,,,,,,,,,,,,,,,,,,,,,,,,,,,,,,,,,,,,,,,,
73881aed-1ee2-4bfb-91a2-b943da13c77b,1100,1,29:09.5,29,9,16,Shot,61,41,Sunderland,1,Regular Play,41,Sunderland,18751,Jack Rodwell,8,Left Wing Back,92,29.7,1.06642,d6b131fa-8069-42de-8a4d-bd6856d45876,,,,,,,,,,,,,,,,,,,,,,,,,,,,,,,,,,,,,,,,,,,,,,,0.02375723,120,31.6,6,,38,Left Foot,93,Normal,,87,Open Play,98,Off T,101.2,19.6,22281,Duncan Watmore,15,Left Center Midfield,TRUE,95.6,48.4,7171,Fabio Borini,13,Right Center Midfield,TRUE,83.3,51.2,4429,Yann Gérard M''Vila,11,Left Defensive Midfield,TRUE,105.5,39.6,9554,Steven Fletcher,23,Center Forward,TRUE,98.6,30.3,43081,Almen Abdi,17,Right Wing,FALSE,98.2,33.7,3721,Etienne Capoue,9,Right Defensive Midfield,FALSE,103.6,28.1,3991,Allan Romeo Nyom,2,Right Back,FALSE,,,,,,,,,,,,,,104.7,34.8,3263,Craig Cathcart,3,Right Center Back,FALSE,97.1,55.5,6870,José Manuel Jurado Marín,21,Left Wing,FALSE,103.3,45.8,3288,Miguel Ángel Britos Cabrera,5,Left Center Back,FALSE,,,,,,,,,,102.2,42.1,4417,Ola Toivonen,9,Right Defensive Midfield,TRUE,103.4,39.5,3626,Ben Watson,11,Left Defensive Midfield,FALSE,,103.4,52.1,10503,Billy Jones,7,Right Wing Back,TRUE,103.8,55,3306,Nathan Aké,6,Left Back,FALSE,114.3,38.1,3522,Heurelho da Silva Gomes,1,Goalkeeper,FALSE,,,,,,,,,,,,,,,,,,,,,,,,,,,,,,,,,,,,,,,,,,,,,,,,,,,,,,,,,,,,,,,,,,,,,,,,,,,,,,,,,,,,,,
52886cd1-1557-4c0a-b325-12b8f98ccda0,1360,1,35:43.5,35,43,16,Shot,73,41,Sunderland,2,From Corner,41,Sunderland,7171,Fabio Borini,13,Right Center Midfield,104.4,46.5,0.808235,6d52550d-37e9-4392-9d62-f0be9db88a93,,,,,,,,,,,,,,,,,,,,,,,,,,,,,,,,,,,,,,,,,,,,,,,0.05422972,120,46,1,,40,Right Foot,91,Half Volley,,87,Open Play,98,Off T,109.9,43.6,43081,Almen Abdi,17,Right Wing,FALSE,108.3,36.7,3626,Ben Watson,11,Left Defensive Midfield,FALSE,110.8,44,3991,Allan Romeo Nyom,2,Right Back,FALSE,109.1,49.1,5458,Odion Jude Ighalo,23,Center Forward,FALSE,112.3,32.7,22281,Duncan Watmore,15,Left Center Midfield,TRUE,118,35.9,9554,Steven Fletcher,23,Center Forward,TRUE,116.3,34.6,16890,John O''Shea,4,Center Back,TRUE,,,,,,,,,,,,,,110.7,40.2,18751,Jack Rodwell,8,Left Wing Back,TRUE,112.3,44.3,10503,Billy Jones,7,Right Wing Back,TRUE,113.1,44.6,4417,Ola Toivonen,9,Right Defensive Midfield,TRUE,,,,,,,,TRUE,,116,40.3,3288,Miguel Ángel Britos Cabrera,5,Left Center Back,FALSE,112.5,39.3,3721,Etienne Capoue,9,Right Defensive Midfield,FALSE,,112.9,35.8,3263,Craig Cathcart,3,Right Center Back,FALSE,109.8,37.9,3454,Troy Deeney,19,Center Attacking Midfield,FALSE,103.8,46.2,6870,José Manuel Jurado Marín,21,Left Wing,FALSE,,,,,,,,,,,,,,,,,,,,,,,,,,,,,,,,,,,,,,,,,,,,,,,,,,,,,,,,,,,,,,,116.7,42.2,3522,Heurelho da Silva Gomes,1,Goalkeeper,FALSE,112.3,47.6,3306,Nathan Aké,6,Left Back,FALSE,,,,,,,,,,
33b124c0-6815-46aa-8f25-610f6dd6b7f7,1659,1,43:49.1,43,49,16,Shot,89,41,Sunderland,4,From Throw In,41,Sunderland,4417,Ola Toivonen,9,Right Defensive Midfield,111.2,32.9,2.148697,7b205caf-e3ac-4947-a4aa-a50783a3bca8,,,,,,,,,,,,,a5fbbb18-1229-4601-b2ae-09f72a20bbe0,,,,,TRUE,,,,,,,,,,,,,,,,,,,,,,,,,,,,,0.07716916,120,57.1,1.2,05b3cc29-f550-470b-a15a-48dba69d78c6,37,Head,93,Normal,,87,Open Play,98,Off T,111.2,34,3991,Allan Romeo Nyom,2,Right Back,FALSE,110.6,40.2,3263,Craig Cathcart,3,Right Center Back,FALSE,108.6,45.4,3626,Ben Watson,11,Left Defensive Midfield,FALSE,107.7,52.2,3306,Nathan Aké,6,Left Back,FALSE,104.2,61.7,3288,Miguel Ángel Britos Cabrera,5,Left Center Back,FALSE,100.8,51,16890,John O''Shea,4,Center Back,TRUE,108.7,40.9,9554,Steven Fletcher,23,Center Forward,TRUE,,,,,,,,,,,,,,94.5,60.2,5458,Odion Jude Ighalo,23,Center Forward,FALSE,119.2,37.4,3522,Heurelho da Silva Gomes,1,Goalkeeper,FALSE,102.1,39.5,3721,Etienne Capoue,9,Right Defensive Midfield,FALSE,,,,,,,,,,103,42.3,18751,Jack Rodwell,8,Left Wing Back,TRUE,97.8,63.3,7171,Fabio Borini,13,Right Center Midfield,TRUE,,101.2,65.3,10503,Billy Jones,7,Right Wing Back,TRUE,104.3,67.4,4429,Yann Gérard M''Vila,11,Left Defensive Midfield,TRUE,104.9,67.9,6870,José Manuel Jurado Marín,21,Left Wing,FALSE,,,,,,,,,,,,,,,,,,,,,,,,,,,,,,,,,,,,,,,,,,,,,,,,,,,,,,,,,,,,,,,,,,,,,,,,,,,,,,,TRUE,,,,,,,
7ed7cd89-a745-4d57-ad1e-1012ab0446a9,1765,1,46:01.6,46,1,16,Shot,95,23,Watford,1,Regular Play,23,Watford,3454,Troy Deeney,19,Center Attacking Midfield,99.2,26.4,1.456793,8f01c1f7-7371-4a82-b5a0-8607d3aa6fba,,,,,,,,,,,,,,,,,,,,,,,,,,,,,,,,,,,,,,,,,,,,,,,0.03327766,120,45.5,5,75f5fad1-a286-4de4-8e1e-3f43fb74fffe,40,Right Foot,93,Normal,,87,Open Play,98,Off T,117.1,38,6871,Costel Fane Pantilimon,1,Goalkeeper,FALSE,97.1,34.2,6870,José Manuel Jurado Marín,21,Left Wing,TRUE,99.2,38.5,18751,Jack Rodwell,8,Left Wing Back,FALSE,94,22.5,7171,Fabio Borini,13,Right Center Midfield,FALSE,106.9,46.8,3321,Patrick van Aanholt,5,Left Center Back,FALSE,105.4,38.4,16890,John O''Shea,4,Center Back,FALSE,102.7,29.3,10503,Billy Jones,7,Right Wing Back,FALSE,,,,,,,,,,,,,,107.1,34.4,6300,Sebastián Coates Nión,3,Right Center Back,FALSE,104.7,22.1,4429,Yann Gérard M''Vila,11,Left Defensive Midfield,FALSE,103,16.9,3721,Etienne Capoue,9,Right Defensive Midfield,TRUE,,,,,,,,,,103,37.4,5458,Odion Jude Ighalo,23,Center Forward,TRUE,,,,,,,,,,,,,,,,,,,,,,,,,,,,,,,,,,,,,,,,,,,,,,,,,,,,,,,,,,,,,,,,,,,,,,,,,,,,,,,,,,,,,,,,,,,,,,,,,,,,,,,,,,,,,,,,,,,
776889ef-4534-47b2-a4eb-70e6bc92627e,1819,2,01:25.0,46,25,16,Shot,100,41,Sunderland,1,Regular Play,41,Sunderland,3321,Patrick van Aanholt,5,Left Center Back,88.2,27.8,1.483249,3367fa7e-61ec-4807-9bfd-f009313b8780,,,,,,,,,,,,,,,,,,,,,,,,,,,,,,,,,,,,,,,,,,,,,,,0.011866985,120,49.6,0.2,3a7a0a2f-358c-4b83-8dfa-0ff3f1b6fa8d,38,Left Foot,93,Normal,,87,Open Play,98,Off T,92.6,56.4,4417,Ola Toivonen,9,Right Defensive Midfield,TRUE,98.5,53.4,9554,Steven Fletcher,23,Center Forward,TRUE,98.5,38.7,22281,Duncan Watmore,15,Left Center Midfield,TRUE,99.6,23,7171,Fabio Borini,13,Right Center Midfield,TRUE,97.9,54.7,3306,Nathan Aké,6,Left Back,FALSE,98.6,51.9,3288,Miguel Ángel Britos Cabrera,5,Left Center Back,FALSE,98.7,37.5,3263,Craig Cathcart,3,Right Center Back,FALSE,,,,,,,,,,,,,,91.5,37.9,3721,Etienne Capoue,9,Right Defensive Midfield,FALSE,91,30.9,43081,Almen Abdi,17,Right Wing,FALSE,87.8,44.7,3626,Ben Watson,11,Left Defensive Midfield,FALSE,,,,,,,,,,100.6,29.7,3991,Allan Romeo Nyom,2,Right Back,FALSE,116.5,39.1,3522,Heurelho da Silva Gomes,1,Goalkeeper,FALSE,,,,,,,,,,,,,,,,,,,,,,,,,,,,,,,,,,,,,,,,,,,,,,,,,,,,,,,,,,,,,,,,,,,,,,,,,,,,,,,,,,,,,,,,,,,,,,,,,,,,,,,,,,,,
65e1e3ad-27e0-45de-8b51-6532eb2f1e8c,2024,2,06:00.2,51,0,16,Shot,113,41,Sunderland,1,Regular Play,41,Sunderland,9554,Steven Fletcher,23,Center Forward,105.3,60.9,0.116394,47ba2a36-1d22-4eb3-a112-1a8009f008b3,,,,,,,,,,,,,7d66ade4-7f03-4a1d-9462-b5b27eb77f9f,,,,,,,,,,,,,,,,,,,,,,,,,,,,,,,,,,0.009991567,107.1,57.7,,,38,Left Foot,93,Normal,,87,Open Play,96,Blocked,107.9,38,7171,Fabio Borini,13,Right Center Midfield,TRUE,102.2,52.1,22281,Duncan Watmore,15,Left Center Midfield,TRUE,95.5,47.3,18751,Jack Rodwell,8,Left Wing Back,TRUE,105.3,75.8,4417,Ola Toivonen,9,Right Defensive Midfield,TRUE,108.1,41.4,3991,Allan Romeo Nyom,2,Right Back,FALSE,106,49.4,3626,Ben Watson,11,Left Defensive Midfield,FALSE,107.2,56.2,3263,Craig Cathcart,3,Right Center Back,FALSE,,,,,,,,,,,,,,98.6,67.1,3306,Nathan Aké,6,Left Back,FALSE,94.2,63.2,6870,José Manuel Jurado Marín,21,Left Wing,FALSE,105,65,3288,Miguel Ángel Britos Cabrera,5,Left Center Back,FALSE,,,,,,,,,,108,62.2,3721,Etienne Capoue,9,Right Defensive Midfield,FALSE,117.5,46,3522,Heurelho da Silva Gomes,1,Goalkeeper,FALSE,,,,,,,,,,,,,,,,,,,,,,,,,,,,,,,,,,,,,,,,,,,,,,,,,,,,,,,,,,,,,,,,,,,,,,,,,,,,,,,,,,,,,,,,,,,,,,,,,,,,,,,,,,,,
c6a40ceb-cfe1-4d8d-b3e2-ab197cd4336f,2045,2,06:46.6,51,46,16,Shot,114,41,Sunderland,2,From Corner,41,Sunderland,18751,Jack Rodwell,8,Left Wing Back,96.7,27.1,0.652044,4099b8bf-e202-4e17-971d-4bbecab1eab6,,,,,,,,,,,,,d2f4fc80-7fc0-49af-bc1a-92d805ab4bfe,,,,,TRUE,,,,,,,,,,,,,,,,,,,,,,,,,,,,,0.030631742,113.9,39.3,1.2,72b1148b-f854-4803-9614-b36e8c1fd609,38,Left Foot,91,Half Volley,,87,Open Play,100,Saved,114.9,38.7,3522,Heurelho da Silva Gomes,1,Goalkeeper,FALSE,96.9,38.9,9554,Steven Fletcher,23,Center Forward,TRUE,92.6,37.3,3721,Etienne Capoue,9,Right Defensive Midfield,FALSE,96.9,52.9,3306,Nathan Aké,6,Left Back,FALSE,101,42.9,3288,Miguel Ángel Britos Cabrera,5,Left Center Back,FALSE,100.4,36.9,3263,Craig Cathcart,3,Right Center Back,FALSE,101.4,31.4,3991,Allan Romeo Nyom,2,Right Back,FALSE,,,,,,,,,,,,,,98.6,23.9,7171,Fabio Borini,13,Right Center Midfield,TRUE,93.5,24,43081,Almen Abdi,17,Right Wing,FALSE,97.7,28.7,3626,Ben Watson,11,Left Defensive Midfield,FALSE,,,,,,,,,,,,,,,,,,,,,,,,,,,,,,,,,,,,,,,,,,,,,,,,,,,,,,,,,,,,,,,,,,,,,,,,,,,,,,,,,,,,,,,,,,,,,,,,,,,,,,,,,,,,,,,,,,,,,,,,,,,,,,,,,,,
683b758d-264d-4dc6-9ffc-44c88d9ca04c,2237,2,10:55.7,55,55,16,Shot,120,41,Sunderland,1,Regular Play,41,Sunderland,18751,Jack Rodwell,8,Left Wing Back,97.3,53.2,1.532112,69c991b8-f43f-4fe7-8778-30cabeebfff0,,,,,,,,,,,,,,,,,,,,,,,,,,,,,,,,,,,,,,,,,,,,,,,0.020424804,120,25.2,6.3,,38,Left Foot,95,Volley,,87,Open Play,98,Off T,113.2,45,4417,Ola Toivonen,9,Right Defensive Midfield,TRUE,108.3,51,22281,Duncan Watmore,15,Left Center Midfield,TRUE,92.8,27.1,4429,Yann Gérard M''Vila,11,Left Defensive Midfield,TRUE,109.1,79,7171,Fabio Borini,13,Right Center Midfield,TRUE,101.2,62,10503,Billy Jones,7,Right Wing Back,TRUE,98.3,54.2,3454,Troy Deeney,19,Center Attacking Midfield,FALSE,106.6,50.4,3721,Etienne Capoue,9,Right Defensive Midfield,FALSE,,,,,,,,,,,,,,106.9,51.6,3626,Ben Watson,11,Left Defensive Midfield,FALSE,108.1,62.2,3306,Nathan Aké,6,Left Back,FALSE,108.1,71.9,6870,José Manuel Jurado Marín,21,Left Wing,FALSE,,,,,,,,TRUE,,112.2,46.6,3288,Miguel Ángel Britos Cabrera,5,Left Center Back,FALSE,108.9,41.6,3263,Craig Cathcart,3,Right Center Back,FALSE,,109,36.8,3991,Allan Romeo Nyom,2,Right Back,FALSE,112.2,34.2,9554,Steven Fletcher,23,Center Forward,TRUE,117.9,41.7,3522,Heurelho da Silva Gomes,1,Goalkeeper,FALSE,,,,,,,,,,,,,,,,,,,,,,,,,,,,,,,,,,,,,,,,,,,,,,,,,,,,,,,,,,,,,,,107.9,29.6,43081,Almen Abdi,17,Right Wing,FALSE,102.1,23.9,3321,Patrick van Aanholt,5,Left Center Back,TRUE,,,,,,,,,,
b323d2bc-2650-4bbb-bd13-959f1f07343a,2517,2,19:50.9,64,50,16,Shot,138,41,Sunderland,4,From Throw In,41,Sunderland,18751,Jack Rodwell,8,Left Wing Back,104.4,29.7,1.245318,9c4e2590-45e0-4233-a42f-656acaa4808e,,,,,,,,,,,,,,,,,,,,,,,,,,,,,,,,,,,,,,,,,,,,,,,0.102825336,120,46.2,4.2,15a17b3a-ba83-4d79-8646-671f224b4b23,40,Right Foot,93,Normal,,87,Open Play,98,Off T,116.6,38.5,3522,Heurelho da Silva Gomes,1,Goalkeeper,FALSE,89.1,20.5,3721,Etienne Capoue,9,Right Defensive Midfield,FALSE,101.7,34.5,6870,José Manuel Jurado Marín,21,Left Wing,FALSE,106.4,37.1,3263,Craig Cathcart,3,Right Center Back,FALSE,106.1,32.1,3626,Ben Watson,11,Left Defensive Midfield,FALSE,106.6,40.7,3288,Miguel Ángel Britos Cabrera,5,Left Center Back,FALSE,106.9,43.7,3306,Nathan Aké,6,Left Back,FALSE,,,,,,,,,,,,,,104,23.7,42902,Adam Johnson,15,Left Center Midfield,TRUE,108,45.6,9554,Steven Fletcher,23,Center Forward,TRUE,111.4,36.8,4417,Ola Toivonen,9,Right Defensive Midfield,TRUE,,,,,,,,TRUE,,101.9,32.6,22281,Duncan Watmore,13,Right Center Midfield,TRUE,108.2,17.8,3991,Allan Romeo Nyom,2,Right Back,FALSE,,101,18,43081,Almen Abdi,17,Right Wing,FALSE,,,,,,,,,,,,,,,,,,,,,,,,,,,,,,,,,,,,,,,,,,,,,,,,,,,,,,,,,,,,,,,,,,,,,,,,,,,,,,,,,,,,,,,,,,,,,,,,,,,,
a1e08f0f-ca34-4516-b483-1d8b346280da,2907,2,31:52.5,76,52,16,Shot,156,41,Sunderland,3,From Free Kick,41,Sunderland,22281,Duncan Watmore,13,Right Center Midfield,90.2,44,1.220632,8521bb60-5039-45d8-a10a-4f17fc3f8500,,,,,,,,,,,,,,,,,,,,,,,,,,,,,,,,,,,,,,,,,,,,,,,0.03724207,120,45.5,1.4,9eec4b0a-d7f7-4b37-876e-0025aea6124b,40,Right Foot,93,Normal,,87,Open Play,98,Off T,114.3,41.4,3522,Heurelho da Silva Gomes,1,Goalkeeper,FALSE,90,57.9,4828,Adlène Guédioura,16,Left Midfield,FALSE,87.9,60.2,42902,Adam Johnson,15,Left Center Midfield,TRUE,95.2,44.8,3306,Nathan Aké,6,Left Back,FALSE,90.5,41.5,3626,Ben Watson,13,Right Center Midfield,FALSE,79.8,19,3321,Patrick van Aanholt,5,Left Center Back,TRUE,82.1,20.6,40118,Ikechi Anya,12,Right Midfield,FALSE,,,,,,,,,,,,,,94.2,31.2,3991,Allan Romeo Nyom,2,Right Back,FALSE,94.8,35.9,3263,Craig Cathcart,3,Right Center Back,FALSE,97.9,39.7,3288,Miguel Ángel Britos Cabrera,5,Left Center Back,FALSE,,,,,,,,,,98.7,34.2,3337,Jermain Defoe,23,Center Forward,TRUE,88.1,41.1,18751,Jack Rodwell,8,Left Wing Back,TRUE,,,,,,,,,,,,,,,,,,,,,,,,,,,,,,,,,,,,,,,,,,,,,,,,,,,,,,,,,,,,,,,,,,,,,,,,,,,,,,,,,,,,,,,,,,,,,,,,,,,,,,,,,,,,
768ca16e-be5f-4d8c-b213-60904a29334e,3057,2,35:35.9,80,35,16,Shot,166,23,Watford,6,From Counter,23,Watford,5458,Odion Jude Ighalo,23,Center Forward,107.2,31.4,0.223974,04c93bf3-0490-4bcd-87c4-e2350674fc23,,,,,,,,,,,,,,,,,,,,,,,,,,,,,,,,,,,,,,,,,,,,,,,0.46103123,110.9,32.8,0.2,f2027694-cb59-47fb-873d-f3c31e3670ce,38,Left Foot,93,Normal,,87,Open Play,100,Saved,110.9,33.4,6871,Costel Fane Pantilimon,1,Goalkeeper,FALSE,106.1,29,6300,Sebastián Coates Nión,3,Right Center Back,FALSE,105.4,35,16890,John O''Shea,4,Center Back,FALSE,,,,,,,,,,,,,,,,,,,,,,,,,,,,,,,,,,,,,,,,,,,,,,,,,,,,,,,,,,,,,,,,,,,,,TRUE,,,,,,,,,,,,,,,,,,,,,,,,,,,,,,,,,,,,,,,,,,,,,,,,,,,,,,,,,,,,,,,,,,,,,,,,,,,,,,,,,,,,,,,,,,,,,,,,,,,,,,,,,,,,,,,,,,,,,,,,,,,,
4f0eb68f-76de-4827-a672-4769793b3b43,3084,2,35:57.9,80,57,16,Shot,167,41,Sunderland,1,Regular Play,41,Sunderland,3337,Jermain Defoe,23,Center Forward,105.1,33.8,0.630911,9535d3c4-6587-49e3-b046-7d77f7307a9e,,,,,,,,,,,,,,,,,,,,,,,,,,,,,,,,,,,,,,,,,,,,,,,0.22269204,114.9,37.2,0.4,c4d977f5-0514-42b3-970b-49eb98fc479d,40,Right Foot,93,Normal,,87,Open Play,100,Saved,101,35.4,3721,Etienne Capoue,15,Left Center Midfield,FALSE,100.6,24.4,3454,Troy Deeney,19,Center Attacking Midfield,FALSE,88.1,18.7,40118,Ikechi Anya,12,Right Midfield,FALSE,106.6,42.1,4417,Ola Toivonen,9,Right Defensive Midfield,TRUE,107.4,41.9,3306,Nathan Aké,6,Left Back,FALSE,110,40.7,22281,Duncan Watmore,13,Right Center Midfield,TRUE,108.3,38.9,3288,Miguel Ángel Britos Cabrera,5,Left Center Back,FALSE,,,,,,,,,,,,,,108.3,36.2,3263,Craig Cathcart,3,Right Center Back,FALSE,109.8,37.4,18751,Jack Rodwell,8,Left Wing Back,TRUE,115,38.3,3522,Heurelho da Silva Gomes,1,Goalkeeper,FALSE,,,,,,,,,,107.9,27.7,3991,Allan Romeo Nyom,2,Right Back,FALSE,107.8,32.2,3626,Ben Watson,13,Right Center Midfield,FALSE,,,,,,,,,,,,,,,,,,,,,,,,,,,,,,,,,,,,,,,,,,,,,,,,,,,,,,,,,,,,,,,,,,,,,,,,,,,,,,,,,,,,,,,,,,,,,,,,,,,,,,,,,,,,
b8c4e177-6e39-4639-8bcd-d7159541d1d6,3110,2,37:20.3,82,20,16,Shot,171,23,Watford,6,From Counter,23,Watford,5458,Odion Jude Ighalo,23,Center Forward,106,48.9,0.057348,52ca80b8-0039-407c-8c6c-e00661ebf48b,,,,,,,,,,,,,8e46d7e7-721f-40d3-bc2d-fb4e21d37345,,,,,,,,,,,,,,,,,,,,,,,,,,,,,,,,,,0.215866,106.7,48.5,,a21158bc-83eb-4002-bdc6-754db2ef2f51,40,Right Foot,93,Normal,,87,Open Play,96,Blocked,101,42.1,10503,Billy Jones,7,Right Wing Back,FALSE,106.5,47.9,6300,Sebastián Coates Nión,3,Right Center Back,FALSE,112.9,45.5,6871,Costel Fane Pantilimon,1,Goalkeeper,FALSE,,,,,,,,,,,,,,,,,,,,,,,,,,,,,,,,,,,,,,,,,,,,,,,,,,,,,,,,,,,,,,,,,,,,,,,,,,,,,,,,,,,,,,,,,,,,,,,,,,,,,,,,,,,,,,,,,,,,,,,,,,,,,,,,,,,,,,,,,,,,,,,,,,,,,,,,,,,,,,,,,,,,,,,,,,,,,,,,,,,,,,,,,,,,,,,,,
2867e6a4-938d-4ef8-8b88-a34e45d89c70,3159,2,38:31.2,83,31,16,Shot,175,41,Sunderland,1,Regular Play,41,Sunderland,3337,Jermain Defoe,23,Center Forward,113.9,38.3,1.220871,92772f9b-68cf-42f1-83ed-795cd23cf367,,,,,,,,,,,,,,,,,,,,,,,,,,,,,,,,,,,,,,,,,,,,,,,0.3487425,120,44.8,0.4,,40,Right Foot,91,Half Volley,,87,Open Play,98,Off T,102.2,38.7,4417,Ola Toivonen,9,Right Defensive Midfield,TRUE,100.2,35.7,3721,Etienne Capoue,15,Left Center Midfield,FALSE,105.1,42.6,3306,Nathan Aké,6,Left Back,FALSE,112.8,38.3,3288,Miguel Ángel Britos Cabrera,5,Left Center Back,FALSE,115,18,3321,Patrick van Aanholt,5,Left Center Back,TRUE,106.5,19,3454,Troy Deeney,19,Center Attacking Midfield,FALSE,110.1,22.3,3991,Allan Romeo Nyom,2,Right Back,FALSE,,,,,,,,,,,,,,115,38.1,3522,Heurelho da Silva Gomes,1,Goalkeeper,FALSE,113.8,36.5,3263,Craig Cathcart,3,Right Center Back,FALSE,99.3,29.8,3626,Ben Watson,13,Right Center Midfield,FALSE,,,,,,,,TRUE,,,,,,,,,,,,,,,,,,,,,,,,,,,,,,,,,,,,,,,,,,,,,,,,,,,,,,,,,,,,,,,,,,,,,,,,,,,,,,,,,,,,,,,,,,,,,,,,,,,,,,,,,,,,,,,,,,,,,,,,,,,
c7f997c7-8227-4035-9469-70056e74c269,3262,2,42:15.4,87,15,16,Shot,181,23,Watford,3,From Free Kick,23,Watford,4828,Adlène Guédioura,16,Left Midfield,95.8,25.9,1.141468,053ff584-ce22-48a1-87d3-6bd830ebb550,,,,,,,,,,,,,,,,,,,,,,,,,,,,,,,,,,,,,,,,,,,,,,,0.023594087,117,41.4,1.5,f5964af8-65c5-46d5-bcc6-f9fd80576a5c,40,Right Foot,93,Normal,,87,Open Play,100,Saved,88.7,38.2,3721,Etienne Capoue,15,Left Center Midfield,TRUE,101,47.2,5458,Odion Jude Ighalo,23,Center Forward,TRUE,106.2,38.1,3454,Troy Deeney,19,Center Attacking Midfield,TRUE,100.1,15.6,40118,Ikechi Anya,12,Right Midfield,TRUE,100.8,21.4,4429,Yann Gérard M''Vila,11,Left Defensive Midfield,FALSE,97.9,31,4417,Ola Toivonen,9,Right Defensive Midfield,FALSE,101,28.4,10503,Billy Jones,7,Right Wing Back,FALSE,,,,,,,,,,,,,,99.2,36.8,18751,Jack Rodwell,8,Left Wing Back,FALSE,104.5,32.3,6300,Sebastián Coates Nión,3,Right Center Back,FALSE,105.3,37.5,16890,John O''Shea,4,Center Back,FALSE,,,,,,,,,,117.2,39.8,6871,Costel Fane Pantilimon,1,Goalkeeper,FALSE,106.1,48,3321,Patrick van Aanholt,5,Left Center Back,FALSE,,,,,,,,,,,,,,,,,,,,,,,,,,,,,,,,,,,,,,,,,,,,,,,,,,,,,,,,,,,,,,,,,,,,,,,,,,,,,,,,,,,,,,,,,,,,,,,,,,,,,,,,,,,,
bfe8f04d-366e-4c21-b303-72abbb187924,3301,2,43:18.3,88,18,16,Shot,182,41,Sunderland,4,From Throw In,41,Sunderland,22281,Duncan Watmore,13,Right Center Midfield,109,54.5,1.623563,b2b10065-9bb9-4d47-b9c5-3367b83ab402,,,,,,,,,,,,,,,,,,,,,,,,,,,,,,,,,,,,,,,,,,,,,,,0.04931833,114.5,27.3,,22bf601f-8e4e-47a5-a8a1-3554340ee369,37,Head,93,Normal,,87,Open Play,101,Wayward,108.7,44.2,18751,Jack Rodwell,8,Left Wing Back,TRUE,108.9,32.2,3337,Jermain Defoe,23,Center Forward,TRUE,117.5,39.9,3522,Heurelho da Silva Gomes,1,Goalkeeper,FALSE,103.1,34.9,40118,Ikechi Anya,12,Right Midfield,FALSE,107.2,57.3,3721,Etienne Capoue,15,Left Center Midfield,FALSE,107.3,48.8,3288,Miguel Ángel Britos Cabrera,5,Left Center Back,FALSE,109.3,45.5,3626,Ben Watson,13,Right Center Midfield,FALSE,,,,,,,,,,,,,,112.6,25.4,42902,Adam Johnson,15,Left Center Midfield,TRUE,101.8,63.3,10503,Billy Jones,7,Right Wing Back,TRUE,101.6,64.1,3306,Nathan Aké,6,Left Back,FALSE,,,,,,,,,,109.9,35.3,3991,Allan Romeo Nyom,2,Right Back,FALSE,108.7,41.5,3263,Craig Cathcart,3,Right Center Back,FALSE,,,,,,,,,,,,,,,,,,,,,,,,,,,,,,,,,,,,,,,,,,,,,,,,,,,,,,,,,,,,,,,,,,,,,,,,,,,,,,,,,,,,,,,,,,,,,,,,,,,,,,,,,,,,
fb760b05-1815-409c-b25d-2904f0a2fd04,3305,2,43:20.1,88,20,16,Shot,182,41,Sunderland,4,From Throw In,41,Sunderland,42902,Adam Johnson,15,Left Center Midfield,114.2,27.3,0.931174,e7c15ec1-6f75-4d70-bcd8-7dc299a3a515,,,,,,,,,,,,,,,,,,,,,,,,,,,,,,,,,,,,,,,,,,,,,,,0.06787557,120,49.8,0.2,,38,Left Foot,91,Half Volley,,87,Open Play,98,Off T,113.4,31.2,3337,Jermain Defoe,23,Center Forward,TRUE,107.3,41.4,18751,Jack Rodwell,8,Left Wing Back,TRUE,118.9,36.2,3522,Heurelho da Silva Gomes,1,Goalkeeper,FALSE,115,34.9,3991,Allan Romeo Nyom,2,Right Back,FALSE,109.1,43.1,3626,Ben Watson,13,Right Center Midfield,FALSE,113.1,40.7,3263,Craig Cathcart,3,Right Center Back,FALSE,,,,,,,,,,,,,,,,,,,,,,,,,,,,,,,,,,,,,,,,,,,,,,,,,,,,,,,,,,,,,,,,,,,,,,,,,,,,,,,,,,,,,,,,,,,,,,,,,,,,,,,,,,,,,,,,,,,,,,,,,,,,,,,,,,,,,,,,,,,,,,,,,,,,,,,,,,,,,,,,,,,,,,,,,,,,
0035d46d-bdd5-40fa-b9c6-32eeed2fdc44,3359,2,44:40.8,89,40,16,Shot,185,23,Watford,1,Regular Play,23,Watford,3454,Troy Deeney,19,Center Attacking Midfield,93,45.3,0.145415,1b280448-be4e-4910-8040-4fd942a3b844,,,,,,,,,,,,,ef0dfaab-8c2b-4712-ad32-41d97b5f3f1f,,,,,,,,,,,,,,,,,,,,,,,,,,,,,,,,,,0.03170719,97.3,45.1,,b58ea822-a5ae-4701-ae84-7300980725e1,40,Right Foot,93,Normal,,87,Open Play,96,Blocked,98.1,43.6,18751,Jack Rodwell,8,Left Wing Back,FALSE,105,24.1,4429,Yann Gérard M''Vila,11,Left Defensive Midfield,FALSE,97.6,26.2,10503,Billy Jones,7,Right Wing Back,FALSE,102.7,33.9,6300,Sebastián Coates Nión,3,Right Center Back,FALSE,102.4,41.3,16890,John O''Shea,4,Center Back,FALSE,105.2,49.6,3321,Patrick van Aanholt,5,Left Center Back,FALSE,117.2,40.7,6871,Costel Fane Pantilimon,1,Goalkeeper,FALSE,,,,,,,,,,,,,,102,9.2,4828,Adlène Guédioura,16,Left Midfield,TRUE,99,33.2,3721,Etienne Capoue,15,Left Center Midfield,TRUE,103.5,39.3,5458,Odion Jude Ighalo,23,Center Forward,TRUE,,,,,,,,TRUE,,101.7,56.8,40118,Ikechi Anya,12,Right Midfield,TRUE,,,,,,,,,,,,,,,,,,,,,,,,,,,,,,,,,,,,,,,,,,,,,,,,,,,,,,,,,,,,,,,,,,,,,,,,,,,,,,,,,,,,,,,,,,,,,,,,,,,,,,,,,,,,,,,,,,,
5bd7acaf-a5c0-4783-8d84-fc2f1122cb45,3416,2,46:56.3,91,56,16,Shot,190,41,Sunderland,1,Regular Play,41,Sunderland,18751,Jack Rodwell,8,Left Wing Back,112.1,40.6,0.242462,97cc11de-95dd-4ece-b379-97f64c4f52a0,,,,,,,,,,,,,,,,,,,,,,,,,,,,,,,,,,,,,,,,,,,,,,,0.1955369,114.5,41,0.6,95359a4d-f78c-45b9-8bb4-f96b24ed879c,37,Head,93,Normal,,87,Open Play,100,Saved,115,40.8,3522,Heurelho da Silva Gomes,1,Goalkeeper,FALSE,111.1,43,3306,Nathan Aké,6,Left Back,FALSE,110.8,39.4,3288,Miguel Ángel Britos Cabrera,5,Left Center Back,FALSE,104.1,37.1,3991,Allan Romeo Nyom,2,Right Back,FALSE,110.4,41.6,3626,Ben Watson,13,Right Center Midfield,FALSE,112.7,38,3263,Craig Cathcart,3,Right Center Back,FALSE,106.5,27.3,40118,Ikechi Anya,12,Right Midfield,FALSE,,,,,,,,,,,,,,106.1,57.9,10503,Billy Jones,7,Right Wing Back,TRUE,97,35.5,42902,Adam Johnson,15,Left Center Midfield,TRUE,111.8,41.8,3337,Jermain Defoe,23,Center Forward,TRUE,,,,,,,,,,110.8,40.5,22281,Duncan Watmore,13,Right Center Midfield,TRUE,103.8,40.2,4417,Ola Toivonen,9,Right Defensive Midfield,TRUE,,97,20.6,3321,Patrick van Aanholt,5,Left Center Back,TRUE,,,,,,,,,,,,,,,,,,,,,,,,,,,,,,,,,,,,,,,,,,,,,,,,,,,,,,,,,,,,,,,,,,,,,,,,,,,,,,,,,,,,,,,,,,,,,,,,,,,,
cd4810cb-1961-4585-ac97-fa8b7465c75b,3458,2,47:45.9,92,45,16,Shot,192,23,Watford,6,From Counter,23,Watford,5458,Odion Jude Ighalo,23,Center Forward,107.6,35.1,0.441715,899bed62-3101-4340-ac48-1b61895a1127,,,,,,,,,,,,,,,,,,,,,,,,,,,,,,,,,,,,,,,,,,,,,,,0.3304646,112.7,36.8,0.2,efcc9e19-1592-4e95-8e50-48a660f16433,40,Right Foot,93,Normal,,87,Open Play,100,Saved,106.5,34,42902,Adam Johnson,15,Left Center Midfield,FALSE,103.7,36.6,4417,Ola Toivonen,9,Right Defensive Midfield,FALSE,109.3,38,3321,Patrick van Aanholt,5,Left Center Back,FALSE,113.1,37.2,6871,Costel Fane Pantilimon,1,Goalkeeper,FALSE,105.1,48.2,40118,Ikechi Anya,12,Right Midfield,TRUE,,,,,,,,,,,,,,,,,,,,,,,,,,,,,,,,,,,,,,,,,,,,,,,,,,,,,,,,,,,,,,,,,,,,,,,,,,,,,,,,,,,,,,,,,,,,,,,,,,,,,,,,,,,,,,,,,,,,,,,,,,,,,,,,,,,,,,,,,,,,,,,,,,,,,,,,,,,,,,,,,,,,,,,,,,,,,,,,,,,
